{
	"fullname":["Гараев Ильдар Римович"],
	"birth-year":["1979"],
	"location":["г.Казань"],
	"skype":["ildar_garaev"],
	"email":["ildar.garaev@gmail.com"],
	"specialization":["bem","pug-jade","stylus-less-sass","semantic-layout","es2015-es2016","gulp-grant","git","precision","lazy"],
	"jslevel":["44.285714285714285"],
	"about-yourself":["Веб разработкой только начинаю заниматься профессионально. Имеется основная работа, где в течении дня около 4 часов свободного времени, которые хочу посвятить веб разработке. В дальнейшем возможно полностью переключусь, если з/п позволит. "],
	"roadmap":["js"],
	"profile-creation-date":["31.12.2017"]
}
